variable,count,mean,std,min,25%,50%,75%,max,original
dummy1,1000.0,-1.5674882246927006e-05,0.00983681344710564,-0.0331923484193197,-0.0066196919378169,0.0002962847502012,0.006791213023027374,0.0256927338998096,-0.0138540906081132
dummy2,1000.0,-0.0002554960183992254,0.00983499495894873,-0.0308561497632169,-0.0069175437948780245,0.00010541427987219689,0.006961345325162625,0.030333629454688,0.0041746923141712
x1,1000.0,0.04192702158931854,3.001852592952809,-8.954167286041704,-1.8803058714035323,0.0832428987545719,1.9890525609381018,28.202858490938983,28.202858490938983
x2,1000.0,-0.3900665074995018,7.931079311060196,-28.609825798858903,-5.678847770092188,-0.4372203160792488,4.634245541235179,75.05064491135622,75.05064491135622
x3,1000.0,0.03385538647352442,1.858151889048292,-5.047995513553634,-1.1713615536201387,0.07922355394493324,1.237412407000292,17.75550765564219,17.75550765564219
